{"Shoulder":{"Cmd":[-40,-40,-40,-40,-40,-40,-36.90523,-14.6853848,5.12692165,22.67034,38.0838242,40,40,40,40,40,40,40,40,40,40,40,40,40,40,40,40,40,40,40,40,40,40,40,40,36.63892,33.9184952,31.92754,30.6881084,30.2063675,30.4739571,31.4692688,33.1586266,35.4973145,38.4304237,40,40,40,40,40,40,40,40,40,40,40,40,40,40,40,40,40,40,40,40,40,40,40,40,40,40,40,40,40,40,40,40,40,40,40,40,40,40,40,40,40,40,38.80901,34.61699,30.6188889,26.8283844,23.2542725,19.90149,16.7720432,13.8658609,11.1815338,8.716959,6.46988,4.438322,2.62093043,1.01721716,-0.372203916,-1.54512751,-2.49725723,-3.221773,-3.70893359,-3.99349356,-4.06103945,-3.84738183,-3.3330586,-2.4972887,-1.31867111,0.223988146,2.150663,4.47889042,7.22232771,10.3896017,13.9850645,18.009922,22.4632359,27.3428116,32.6453362,38.3226051,40,40,40,40,40,40,40,40,40,40,40,40,40,40,40,40,40,40,40,40,40,40,40,40,40,40,40,40,40,40,40,40,40,40,40,40,40,40,40,40,40,40,40,40,40,40,40,40,40,40,40,40,40,40,40,40,40,40,40,40,40,38.77726,33.43193,28.5175743,24.03721,19.9878635,16.3623028,13.1505251,10.34098,7.92153358,5.88015556,4.159211,2.74718332,1.63382185,0.8100589,0.2678511,0,0],"Est":[4536.2207,-4321.439,2.311827,55.3754044,104.688934,-40.87352,77.627594,2.33450985,-6.5038023,-10.6576719,-10.6576929,-76.79645,54.2941,-10.3782835,-10.3782988,-10.37829,-10.378293,-10.3782959,-10.3782864,-10.3783035,-76.51706,54.5734825,-10.1079073,56.03083,-75.0597,-9.236875,-72.9038849,60.4642868,-2.16002917,-0.340871722,1.23089111,2.55239463,3.626171,-61.6797638,70.01244,5.66048336,5.74863243,5.60021448,5.22944736,4.65059233,3.8775425,2.92366266,1.80169559,0.523853362,-0.8980869,-68.59105,60.8251457,-5.65601969,58.60838,-140.571884,55.1051025,-9.594565,56.5441666,-74.5463638,-9.846678,-9.846657,-9.846673,-9.846658,-9.846675,-75.9854355,55.1051178,-9.594581,-9.594596,-9.594586,-9.594591,-9.594589,-9.59459,-9.59459,-9.59459,-9.59459,-9.59459,-9.59459,-9.59459,-9.59459,-9.59459,-9.59459,-9.59459,-9.59459,-9.59459,-9.59459,-9.59459,-9.594589,-7.781056,-5.747887,-3.75394964,-1.80863619,0.07996026,1.90470266,3.6590724,5.33691168,6.93220663,8.482956,9.984447,11.4320459,12.8211784,14.1473417,15.4061575,16.5934162,17.7051678,18.7378235,19.6882744,20.5539684,21.3326054,21.9757862,88.6180954,-42.1137581,-43.34536,87.79412,22.9771633,22.6863728,22.2155972,21.6059322,20.8561211,19.9683647,18.94924,17.76516,16.4326134,14.9719639,13.4052763,11.7542677,76.17674,-56.68042,6.21413565,4.38086367,2.53014684,0.674853265,-1.16885638,-2.98302579,-70.8885956,124.636482,-72.78484,-9.638635,-9.846656,-9.846671,-9.846662,-9.84667,-9.84666,-9.846675,-75.9854355,55.1051178,-9.594581,-9.594596,-9.594586,-9.594591,-9.594588,-9.594591,-9.594586,-9.594596,-9.594581,56.544178,-74.54637,-9.846673,-9.846663,-9.84666252,-9.846673,-75.9854355,55.1051178,-9.594581,-9.594596,-9.594586,-9.594591,-9.594589,-9.59459,-9.59459,-9.290579,-8.86521149,-8.480356,-8.12733,-7.795806,58.6645546,-72.14272,-7.144143,-6.815373,-6.442206,-6.010125,-71.64364,60.0389938,-3.9689908,-3.16599941,-2.24152827,-1.18726563,0.003004139,1.33294606,2.80335021,4.411754,6.152084,8.014297,9.984076,12.0425339,14.1660137,16.3259048,18.48868,86.7545853,-42.2876167,24.33409,26.07836,27.5902,28.8125553,29.68671,0.02098338,0],"Ref":[54.4309921,54.4411926,54.44926,54.455616,54.4606972,54.4649239,54.4687271,54.472538,54.4767838,54.4818878,54.4882851,54.4964027,54.5066643,54.5195045,54.535347,54.55462,54.577755,54.60518,54.63732,54.67461,54.71747,54.766304,54.8214073,54.8830452,54.9514732,55.0269661,55.109787,55.2001953,55.29846,55.4048424,55.51961,55.64337,55.77811,55.92616,56.0898476,56.2715,56.4734459,56.69802,56.9475479,57.22436,57.5307846,57.8691559,58.2417946,58.6509933,59.09805,59.5832634,60.1069031,60.6692276,61.270504,61.91099,62.5909576,63.3106651,64.07037,64.8703461,65.71085,66.59215,67.5145,68.47817,69.48342,70.53052,71.61973,72.751,73.92313,75.1345749,76.38381,77.66933,78.9895859,80.34306,81.72824,83.14359,84.5875854,86.0587,87.55541,89.0762,90.61954,92.18389,93.76774,95.36956,96.98783,98.6210251,100.267616,101.92527,103.588417,105.250687,106.9057,108.547089,110.168465,111.763458,113.3257,114.8488,116.326393,117.752106,119.119553,120.422363,121.65416,122.808571,123.879211,124.859718,125.743706,126.5248,127.196632,127.754593,128.201187,128.54068,128.777359,128.9155,128.956741,128.8922,128.710358,128.3997,127.948723,127.3459,126.579727,125.638687,124.511253,123.185928,121.662415,119.985359,118.210617,116.394058,114.59156,112.844994,111.140305,109.449463,107.744438,105.997192,104.193741,102.3763,100.601151,98.92457,97.4028244,96.07289,94.894516,93.80815,92.75424,91.67325,90.52294,89.33041,88.14007,86.99635,85.94367,85.01703,84.21381,83.52198,82.9295,82.42433,81.99445,81.6278152,81.31239,81.03615,80.78705,80.55496,80.33738,80.13369,79.9433,79.76558,79.59993,79.445755,79.3024445,79.16938,79.04596,78.93158,78.82563,78.72751,78.6366043,78.55231,78.4740143,78.40112,78.3330154,78.26909,78.20874,78.15145,78.097084,78.04559,77.99694,77.95107,77.90794,77.8675156,77.8297348,77.79457,77.76196,77.73187,77.7042542,77.67906,77.65625,77.63578,77.6176,77.60167,77.58794,77.57636,77.5668945,77.5595,77.55412,77.55073,77.5492554,77.549675,77.55193,77.55599,77.5618,77.56931,77.57848],"Sensor":[120,121,121,121,121,120,120,120,119,119,118,119,119,118,118,118,118,118,118,118,118,118,118,117,117,117,117,117,117,117,117,117,117,117,117,117,116,116,116,116,116,116,116,116,116,116,116,116,116,116,116,116,116,116,116,116,116,116,115,115,115,115,115,115,115,115,115,116,116,116,116,116,116,116,116,115,116,116,116,116,115,115,115,115,115,115,115,115,115,115,115,115,115,115,115,115,115,115,115,115,115,115,115,115,115,115,115,115,115,115,115,115,115,115,115,115,115,115,115,115,115,115,116,116,115,115,115,115,115,115,115,115,115,115,115,115,115,115,115,115,115,116,116,115,115,115,115,115,115,115,115,115,115,115,115,115,115,115,115,115,115,115,115,115,116,116,115,115,116,116,116,116,116,116,116,116,116,116,116,116,116,115,115,115,115,115,115,115,115,115,115,115,115,115,115,115,115,115,115,115,115]},"Elbow":{"Cmd":null,"Est":null,"Ref":null,"Sensor":null},"TrialNumber":3,"SamplingFrequency":100}