{"Shoulder":{"Cmd":[-40,-40,-40,-33.59901,-14.2226763,2.55397415,16.9769077,29.2396374,39.5227966,40,40,40,40,40,40,40,40,40,40,40,40,40,40,40,40,40,40,38.66005,35.7986069,33.244133,31.0281029,29.1730728,27.69408,26.59996,25.8945446,25.5776978,25.64618,26.094286,26.9142838,28.0966244,29.6299458,31.50087,33.6936264,36.1895027,38.9661446,40,40,40,40,40,40,40,40,40,40,40,40,40,40,40,40,40,40,40,40,40,40,40,40,40,40,40,40,40,40,40,40,40,40,40,40,40,40,40,40,40,39.1432457,36.1065369,33.22561,30.5061378,27.9506073,25.5591145,23.3301048,21.261,19.3487072,17.5900555,15.9821167,14.5224457,13.1638365,11.94933,10.8783436,9.951121,9.169092,8.535263,8.05458,7.734256,7.58395147,7.569231,7.702086,7.99522638,8.46147251,9.113103,10.0069418,11.1530638,12.5587654,14.2274923,16.1581535,18.301878,20.6519966,23.20189,25.94666,28.8840828,32.01293,35.3304749,38.8299255,40,40,40,40,40,40,40,40,40,40,40,40,40,40,40,40,40,40,40,40,40,40,40,40,40,40,40,40,40,40,40,40,40,40,40,40,40,40,40,40,40,40,40,40,40,40,40,40,40,40,40,40,40,40,40,39.6508827,36.9625473,34.31187,31.6921062,29.0965576,26.5197067,23.95822,21.4118519,18.92816,16.5162849,14.1453466,11.8780823,9.693322,7.619305,5.735401,4.034575,2.55893922,1.35418308,0.4687957,1.10837927E-31,0],"Est":[4804.53,-4709.52344,2.63259935,1.90333736,-64.86358,65.69737,0.6553378,-65.83731,64.97591,0.1551766,0.00617780024,-0.0911960155,-66.28383,64.78856,0.178609833,0.210275009,0.257109,-65.8254,65.3256,0.7570086,0.812419832,0.8596502,0.89549166,0.917256057,0.9226123,0.9096831,0.8768753,-65.3157,65.69918,0.9640267,0.84359324,0.7010365,0.5368952,0.3520434,0.147517532,-0.07547228,-0.3156094,-0.5714955,-0.8416981,-1.12477541,-1.41930234,-1.72391737,-2.03734064,-2.358416,-2.68609428,-3.01939058,-3.35732126,-3.69887424,-4.04294825,-4.38835,-4.73373652,-5.077616,-5.41832972,-5.754054,-6.08280039,-6.40242624,-6.710669,-7.005154,-7.28345442,-7.543124,-7.781744,-7.996989,-8.1866045,-8.348404,-8.480265,-8.580124,-8.645974,-8.675894,-8.668032,-8.620638,-8.53208,-8.400862,-8.225661,-8.005339,-7.73900127,-7.426018,-7.06611156,-6.659331,-6.206259,-71.84666,59.78582,-4.27684641,-3.65542459,-2.99919271,-2.312089,-1.59834039,-0.8624939,-0.1093008,0.6562956,1.4292258,2.20431876,2.97634,3.740014,4.490088,5.221288,5.92852736,72.74542,-123.839645,72.50242,8.419425,8.935467,9.401354,9.813744,10.1691694,10.4636393,76.8309555,-54.1029167,10.620882,10.6130409,10.5123053,-55.8262558,74.9604,9.903685,9.385584,8.763838,74.18516,-57.7053146,6.07481766,5.161609,4.218543,3.26069784,2.298886,1.34081042,0.392711163,-0.5388894,-1.44545424,-2.31534052,-3.13533258,-3.89290857,-4.57859659,-5.188414,-5.72550058,-6.198194,-6.617209,-6.992739,-7.33156443,-7.63488436,-7.899384,-8.119158,-8.287657,-8.39971,-8.453169,-8.448828,-8.389924,-8.281668,-8.13077,-7.944979,-7.732661,-7.502337,-7.262251,-7.01995468,-6.78192568,-6.553626,-6.339503,-6.143225,-72.10632,59.1371269,-5.38003254,-5.276478,-5.19832563,-5.145434,-5.1170764,-5.112065,-5.128685,-5.1646843,-5.21723938,-5.282927,-5.357647,-5.43658447,-5.514145,-5.583893,-5.6385,-5.669735,-5.66843033,-5.624497,-5.52696228,-5.3640213,-5.123127,-4.791115,-4.35440445,-3.79920959,-3.111859,-2.27916741,-1.288904,-0.130328372,1.20508158,-63.41585,69.37668,72.74359,-122.431564,141.660889,-51.7474556,-50.80331,148.896576,-44.39933,22.6036663,24.754034,-39.54855,92.92818,0.0202183574,0],"Ref":[54.4309921,54.4411926,54.44926,54.455616,54.4606972,54.4649239,54.4687271,54.472538,54.4767838,54.4818878,54.4882851,54.4964027,54.5066643,54.5195045,54.535347,54.55462,54.577755,54.60518,54.63732,54.67461,54.71747,54.766304,54.8214073,54.8830452,54.9514732,55.0269661,55.109787,55.2001953,55.29846,55.4048424,55.51961,55.64337,55.77811,55.92616,56.0898476,56.2715,56.4734459,56.69802,56.9475479,57.22436,57.5307846,57.8691559,58.2417946,58.6509933,59.09805,59.5832634,60.1069031,60.6692276,61.270504,61.91099,62.5909576,63.3106651,64.07037,64.8703461,65.71085,66.59215,67.5145,68.47817,69.48342,70.53052,71.61973,72.751,73.92313,75.1345749,76.38381,77.66933,78.9895859,80.34306,81.72824,83.14359,84.5875854,86.0587,87.55541,89.0762,90.61954,92.18389,93.76774,95.36956,96.98783,98.6210251,100.267616,101.92527,103.588417,105.250687,106.9057,108.547089,110.168465,111.763458,113.3257,114.8488,116.326393,117.752106,119.119553,120.422363,121.65416,122.808571,123.879211,124.859718,125.743706,126.5248,127.196632,127.754593,128.201187,128.54068,128.777359,128.9155,128.956741,128.8922,128.710358,128.3997,127.948723,127.3459,126.579727,125.638687,124.511253,123.185928,121.662415,119.985359,118.210617,116.394058,114.59156,112.844994,111.140305,109.449463,107.744438,105.997192,104.193741,102.3763,100.601151,98.92457,97.4028244,96.07289,94.894516,93.80815,92.75424,91.67325,90.52294,89.33041,88.14007,86.99635,85.94367,85.01703,84.21381,83.52198,82.9295,82.42433,81.99445,81.6278152,81.31239,81.03615,80.78705,80.55496,80.33738,80.13369,79.9433,79.76558,79.59993,79.445755,79.3024445,79.16938,79.04596,78.93158,78.82563,78.72751,78.6366043,78.55231,78.4740143,78.40112,78.3330154,78.26909,78.20874,78.15145,78.097084,78.04559,77.99694,77.95107,77.90794,77.8675156,77.8297348,77.79457,77.76196,77.73187,77.7042542,77.67906,77.65625,77.63578,77.6176,77.60167,77.58794,77.57636,77.5668945,77.5595,77.55412,77.55073,77.5492554,77.549675,77.55193,77.55599,77.5618,77.56931,77.57848],"Sensor":[127,128,128,128,127,127,126,126,126,126,125,125,125,125,124,124,124,124,123,123,123,123,122,122,122,122,122,122,122,122,122,122,122,122,122,122,122,122,122,122,122,122,122,122,122,122,122,122,122,122,122,122,122,122,122,122,122,122,122,122,122,122,122,122,122,122,122,122,122,122,122,122,121,122,122,122,122,122,122,122,122,122,122,122,121,121,121,121,122,122,122,121,121,121,121,121,121,121,121,121,121,121,121,121,121,122,122,122,122,122,122,121,121,122,122,122,122,122,122,122,122,122,122,122,122,123,122,122,123,122,123,123,122,122,122,122,122,122,122,122,122,122,122,122,122,122,121,121,121,121,121,121,121,122,121,121,121,121,121,121,121,121,122,122,122,122,122,122,121,121,122,121,121,121,121,121,121,121,121,121,121,121,121,121,121,121,121,121,121,121,121,121,121,121,121,121,121,121,121,121,121]},"Elbow":{"Cmd":null,"Est":null,"Ref":null,"Sensor":null},"TrialNumber":2,"SamplingFrequency":100}