{"Shoulder":{"Cmd":[-40,-40,-37.98856,-21.2875748,-6.829554,5.53883028,15.9769821,24.64405,31.73692,37.4039421,40,40,40,40,40,40,40,40,40,40,40,40,38.00845,35.98763,34.02915,32.2110634,30.5607,29.0972366,27.8326015,26.7723579,25.9165936,25.26078,24.7966537,24.5130272,24.3965588,24.4324017,24.6048012,24.897604,25.2946739,25.780262,26.33929,26.9576,27.6652813,28.4507332,29.303072,30.2120914,31.1681862,32.1622276,33.1854477,34.2292633,35.32708,36.47041,37.64995,38.8554039,40,40,40,40,40,40,40,40,40,40,40,40,40,40,40,40,40,40,40,40,40,40,40,40,39.37388,38.0172653,36.60484,35.14245,33.6353874,32.0885,30.50628,28.89294,27.25251,25.6322632,24.0375252,22.473938,20.9475536,19.46489,18.0329723,16.659359,15.3521309,14.1198759,12.9716349,11.9168291,10.9651613,10.0806408,9.271658,8.546102,7.911568,7.3756485,6.94621038,6.631678,6.44117928,6.3841815,6.469975,6.707116,7.102825,7.66232729,8.388142,9.2793,10.3305044,11.531209,12.8651628,14.3120108,15.8494282,17.4552841,19.1098557,20.7974224,22.4614887,24.1334629,25.801609,27.4522476,29.0687237,30.6329784,32.1278343,33.4975,34.7746544,35.9582825,37.05271,38.0647163,39.000576,39.86306,40,40,40,40,40,40,40,40,40,40,40,40,40,40,40,40,39.99213,39.5176353,39.0637,38.6374321,38.2442322,37.8879051,37.57073,37.2935677,37.05594,36.8561134,36.6911926,36.55721,36.44918,36.3612175,36.28659,36.21782,36.14675,36.0646553,35.96232,35.83014,35.65828,35.43679,35.11436,34.68065,34.12596,33.44151,32.6614342,31.7803326,30.7943268,29.6591511,28.374115,26.9412327,25.3655548,23.6554985,21.8231659,19.88463,17.8601837,15.7745295,13.6568775,11.54096,9.464919,7.47105932,5.605463,3.91745067,2.4589057,1.283473,0.445676923,-2.477953E-39,0],"Est":[4010.8645,-3996.24072,71.1968155,5.7582655,5.13037348,4.6006,-61.9766235,68.76003,3.76438832,3.55542731,3.40641475,-62.8296967,134.345734,-127.62944,134.337753,-127.587593,68.27749,3.60605717,3.66648459,3.72650576,3.781925,3.829153,3.86498952,-62.2520142,68.8439,4.09378052,4.06098,4.00717163,3.93149948,3.833511,3.71309566,3.570527,3.406392,3.22153759,3.01701283,2.794022,2.553887,2.29799676,2.02780151,1.74471283,-64.6885757,66.09737,1.037217,0.7161297,0.388460577,0.0551563948,-0.2827652,-0.624330163,-67.10717,63.63799,-1.46372724,-1.80761433,-2.14832783,-2.48404479,63.3259735,-68.0842056,-3.63612533,-3.93059754,-4.20890856,-4.46856737,-4.70720053,-71.06121,59.8397331,-5.07839537,-5.21026134,-5.310125,-5.37596035,60.732872,-136.488586,59.4056931,-5.262065,-5.13086557,-4.955653,-4.735337,-4.46899652,-4.15601635,-3.79610348,-3.38933468,-2.936244,-2.43789029,-1.89595735,-1.31278908,-0.6913531,-0.03512569,0.6519729,-64.77305,67.05336,3.040563,3.806148,4.579086,5.354175,6.126197,6.88987446,7.6399374,8.37116,9.07836151,9.756529,76.53953,-53.945343,11.3834667,11.8995495,12.3654137,12.7778091,13.1332426,13.4276953,13.65626,13.8129292,13.8909006,13.88303,13.7823248,13.58251,13.2786283,12.8677359,12.3496656,11.7278891,11.0104618,10.2105322,9.344836,8.431598,7.48856258,72.6694641,-125.521667,69.36714,3.66272473,2.731111,1.8245461,0.954673052,66.27344,-131.713455,63.4477348,-1.918399,-2.455504,-2.92818642,-3.34720683,-3.722735,-4.06156,-4.364882,-4.62937641,-4.84916162,-5.017642,61.0090561,-136.273727,59.5775032,-5.119909,-5.01167154,-4.8607626,-4.674977,-4.4626565,-4.232333,-3.99224758,-3.74995041,-3.51192379,-3.283618,-3.06950665,-2.87321043,-2.69755459,-2.54465032,-2.41597652,-2.31240368,-2.23426342,-2.181365,-2.15301037,-2.14799786,-2.16461849,-2.20061779,-2.25317287,-2.31886053,-2.39358,-2.47251916,-2.55007553,-2.61983085,-2.67442751,63.4331,-67.65615,-2.855885,-2.758352,-68.73418,62.59727,-1.82703531,64.74843,-65.78693,-0.343252718,0.48944965,1.47971046,2.63828182,3.97369885,5.491541,7.1934886,9.076269,11.1304226,13.3389454,15.6757622,18.10408,20.5746326,23.0238876,25.3722878,27.522646,29.35884,30.7450027,0.0219382029,0],"Ref":[54.4309921,54.4411926,54.44926,54.455616,54.4606972,54.4649239,54.4687271,54.472538,54.4767838,54.4818878,54.4882851,54.4964027,54.5066643,54.5195045,54.535347,54.55462,54.577755,54.60518,54.63732,54.67461,54.71747,54.766304,54.8214073,54.8830452,54.9514732,55.0269661,55.109787,55.2001953,55.29846,55.4048424,55.51961,55.64337,55.77811,55.92616,56.0898476,56.2715,56.4734459,56.69802,56.9475479,57.22436,57.5307846,57.8691559,58.2417946,58.6509933,59.09805,59.5832634,60.1069031,60.6692276,61.270504,61.91099,62.5909576,63.3106651,64.07037,64.8703461,65.71085,66.59215,67.5145,68.47817,69.48342,70.53052,71.61973,72.751,73.92313,75.1345749,76.38381,77.66933,78.9895859,80.34306,81.72824,83.14359,84.5875854,86.0587,87.55541,89.0762,90.61954,92.18389,93.76774,95.36956,96.98783,98.6210251,100.267616,101.92527,103.588417,105.250687,106.9057,108.547089,110.168465,111.763458,113.3257,114.8488,116.326393,117.752106,119.119553,120.422363,121.65416,122.808571,123.879211,124.859718,125.743706,126.5248,127.196632,127.754593,128.201187,128.54068,128.777359,128.9155,128.956741,128.8922,128.710358,128.3997,127.948723,127.3459,126.579727,125.638687,124.511253,123.185928,121.662415,119.985359,118.210617,116.394058,114.59156,112.844994,111.140305,109.449463,107.744438,105.997192,104.193741,102.3763,100.601151,98.92457,97.4028244,96.07289,94.894516,93.80815,92.75424,91.67325,90.52294,89.33041,88.14007,86.99635,85.94367,85.01703,84.21381,83.52198,82.9295,82.42433,81.99445,81.6278152,81.31239,81.03615,80.78705,80.55496,80.33738,80.13369,79.9433,79.76558,79.59993,79.445755,79.3024445,79.16938,79.04596,78.93158,78.82563,78.72751,78.6366043,78.55231,78.4740143,78.40112,78.3330154,78.26909,78.20874,78.15145,78.097084,78.04559,77.99694,77.95107,77.90794,77.8675156,77.8297348,77.79457,77.76196,77.73187,77.7042542,77.67906,77.65625,77.63578,77.6176,77.60167,77.58794,77.57636,77.5668945,77.5595,77.55412,77.55073,77.5492554,77.549675,77.55193,77.55599,77.5618,77.56931,77.57848],"Sensor":[115,116,117,116,116,115,115,115,114,114,114,114,114,113,113,113,113,112,112,112,112,112,112,112,112,112,111,111,111,111,111,111,111,110,110,110,110,110,110,110,110,110,110,110,110,110,110,110,110,110,110,110,111,111,111,111,111,111,111,111,111,111,111,110,110,110,110,110,110,110,110,110,110,110,110,111,110,110,110,110,110,110,110,110,110,110,110,110,109,109,109,109,109,109,109,109,109,109,109,109,109,109,109,109,109,110,109,110,110,110,110,110,110,110,110,110,110,110,110,110,110,110,110,110,110,110,110,109,109,109,110,110,110,110,110,110,110,110,110,110,111,111,111,111,111,111,111,111,111,110,111,111,111,110,110,110,110,110,110,110,110,110,110,110,110,110,110,110,110,109,110,110,110,110,110,110,110,110,110,110,110,110,110,110,109,110,110,110,110,109,110,110,110,110,110,110,110,110,110,110,110]},"Elbow":{"Cmd":null,"Est":null,"Ref":null,"Sensor":null},"TrialNumber":2,"SamplingFrequency":100}