{"Shoulder":{"Cmd":[-40,-40,-37.8994331,-21.2004738,-6.74433565,5.62215948,16.0582142,24.7227249,31.7703552,37.3493042,40,40,40,40,40,40,40,40,40,40,40,39.7688637,37.73749,35.76184,33.8863449,32.14588,30.5665054,29.166254,27.9560051,26.9403324,26.1183758,25.4846821,25.0300617,24.7424126,24.6074638,24.60946,24.7317677,24.9574032,25.313036,25.7825718,26.35016,27.000473,27.718895,28.4916935,29.3060627,30.1501141,31.0128231,31.926445,32.8816833,33.86934,34.88021,35.90495,36.93396,37.9572449,38.964283,39.94391,40,40,40,40,40,40,40,40,40,40,40,40,40,40,40,40,40,40,40,40,40,39.09726,37.9766,36.8173332,35.62729,34.37274,33.0607376,31.6984158,30.29298,28.8516788,27.3818,25.8906517,24.3855686,22.8739052,21.3630428,19.86039,18.4179764,17.0447578,15.7500553,14.5435476,13.3898621,12.2977657,11.2757959,10.3321323,9.47445,8.709847,8.045074,7.486852,7.042162,6.71853638,6.524206,6.467735,6.55749464,6.80110025,7.204792,7.77276564,8.506442,9.403674,10.4578857,11.6571445,12.9836893,14.4155254,15.9285583,17.49876,19.10439,20.7276134,22.353569,23.9687443,25.5593643,27.152729,28.7310028,30.2751675,31.7673073,33.1929665,34.5018921,35.6922379,36.8088036,37.8583565,38.8472252,39.73758,40,40,40,40,40,40,40,40,40,40,40,40,40,40,40,39.761364,39.29393,38.8438034,38.41904,38.0262,37.6703949,37.3553963,37.0836639,36.8564339,36.67377,36.5346222,36.436882,36.3774033,36.35207,36.3558044,36.3826065,36.4255753,36.47693,36.4868,36.44513,36.3412971,36.1642647,35.90267,35.5449867,35.0797157,34.4956131,33.78192,32.9286842,31.9270573,30.7696571,29.49324,28.0954189,26.5762787,24.9387856,23.18917,21.3372936,19.3969536,17.3861561,15.3273067,13.2472982,11.177515,9.153695,7.21566343,5.406913,3.77404428,2.366064,1.23356938,0.427855164,-3.46369365E-33,0],"Est":[4010.8645,-3930.102,-59.8937454,70.46723,5.130381,4.600596,4.162157,3.80823565,-62.6078568,68.27372,-62.7323341,68.26084,3.47927117,3.46109033,3.47128272,3.50294971,3.54979181,3.60604239,3.66649175,3.72650456,3.78192258,-62.3096237,68.81678,4.10135841,4.10671043,4.0937767,4.060983,4.00716925,3.93150067,3.83351064,3.713096,3.5705266,3.40639329,3.221535,3.01701736,2.794016,-63.5848846,67.24979,2.23285937,1.94977093,1.65525067,1.3506335,1.037208,0.716139436,0.388449937,-66.08361,64.669014,-0.428863674,-0.77294904,-1.11834347,-1.46373391,-1.807612,-2.148326,-2.48405027,-2.81279659,-3.13242245,-3.440665,-3.73515081,-4.013449,-4.27312326,-4.51173544,-4.72699165,-71.05537,59.8733826,-5.024459,-5.124344,-5.19016171,60.9186554,-136.30278,125.739906,-136.166824,59.82091,-4.769849,-4.549557,-4.2831974,62.1685448,-68.5621,-69.5281143,62.0155525,63.886673,-66.66196,-1.31279492,-0.6913468,-0.0351326652,0.6519809,1.36572468,2.10157442,2.85476327,3.62036681,4.393286,-60.9703865,70.8922,6.889876,7.63994074,74.50993,-55.87342,9.57072449,10.2149715,10.8206482,11.3834743,11.8995447,12.3654165,12.7778082,13.1332426,13.4276953,13.65626,13.8129292,13.8909006,13.88303,13.7823248,13.58251,13.2786283,12.8677359,12.3496656,11.72789,11.0104609,10.2105341,9.344832,8.431605,7.48855257,6.530697,5.56889534,4.61080742,-62.4760551,67.6829,2.010349,1.14044571,0.3204684,65.70166,-66.07459,-68.05718,62.49629,-2.7423892,62.9773521,-68.48873,-4.061567,-4.364878,-4.629378,-4.84916162,-71.15642,59.82207,-4.997357,61.1457253,-136.024689,59.9401131,-4.674964,-4.48919249,-4.27686262,-4.046544,-3.80645657,-3.56416,-3.32613325,-3.09782743,-2.883716,-2.68742,-2.511764,-2.35886,-2.230186,-2.12661314,-2.048473,-1.99557447,-1.96722007,-1.96220684,-1.97882915,-2.01482439,-2.067387,-2.133063,63.93098,-67.23851,-2.550085,-2.61982155,-2.67443633,-2.70566726,-2.704364,-2.66043067,-2.56289434,-2.39995742,-2.15905571,-1.827055,-67.5291061,64.1166458,0.0380054,0.8706833,1.86095941,3.019523,4.35494328,5.872784,7.5747323,9.457513,11.5116653,13.7201881,16.0570049,18.485323,20.9558754,23.40513,25.75353,27.9038887,29.7400837,31.1262455,0.022203505,0],"Ref":[54.4309921,54.4411926,54.44926,54.455616,54.4606972,54.4649239,54.4687271,54.472538,54.4767838,54.4818878,54.4882851,54.4964027,54.5066643,54.5195045,54.535347,54.55462,54.577755,54.60518,54.63732,54.67461,54.71747,54.766304,54.8214073,54.8830452,54.9514732,55.0269661,55.109787,55.2001953,55.29846,55.4048424,55.51961,55.64337,55.77811,55.92616,56.0898476,56.2715,56.4734459,56.69802,56.9475479,57.22436,57.5307846,57.8691559,58.2417946,58.6509933,59.09805,59.5832634,60.1069031,60.6692276,61.270504,61.91099,62.5909576,63.3106651,64.07037,64.8703461,65.71085,66.59215,67.5145,68.47817,69.48342,70.53052,71.61973,72.751,73.92313,75.1345749,76.38381,77.66933,78.9895859,80.34306,81.72824,83.14359,84.5875854,86.0587,87.55541,89.0762,90.61954,92.18389,93.76774,95.36956,96.98783,98.6210251,100.267616,101.92527,103.588417,105.250687,106.9057,108.547089,110.168465,111.763458,113.3257,114.8488,116.326393,117.752106,119.119553,120.422363,121.65416,122.808571,123.879211,124.859718,125.743706,126.5248,127.196632,127.754593,128.201187,128.54068,128.777359,128.9155,128.956741,128.8922,128.710358,128.3997,127.948723,127.3459,126.579727,125.638687,124.511253,123.185928,121.662415,119.985359,118.210617,116.394058,114.59156,112.844994,111.140305,109.449463,107.744438,105.997192,104.193741,102.3763,100.601151,98.92457,97.4028244,96.07289,94.894516,93.80815,92.75424,91.67325,90.52294,89.33041,88.14007,86.99635,85.94367,85.01703,84.21381,83.52198,82.9295,82.42433,81.99445,81.6278152,81.31239,81.03615,80.78705,80.55496,80.33738,80.13369,79.9433,79.76558,79.59993,79.445755,79.3024445,79.16938,79.04596,78.93158,78.82563,78.72751,78.6366043,78.55231,78.4740143,78.40112,78.3330154,78.26909,78.20874,78.15145,78.097084,78.04559,77.99694,77.95107,77.90794,77.8675156,77.8297348,77.79457,77.76196,77.73187,77.7042542,77.67906,77.65625,77.63578,77.6176,77.60167,77.58794,77.57636,77.5668945,77.5595,77.55412,77.55073,77.5492554,77.549675,77.55193,77.55599,77.5618,77.56931,77.57848],"Sensor":[115,116,116,115,115,114,114,113,113,113,113,113,113,113,112,112,112,112,112,112,112,112,112,111,111,111,111,111,111,111,111,111,111,111,110,110,110,110,110,110,109,109,109,109,109,109,109,109,109,109,109,109,109,110,109,109,109,109,109,109,109,109,109,109,109,109,109,109,108,109,109,109,109,109,109,109,108,108,108,108,108,108,108,108,108,108,108,108,108,108,109,109,109,109,109,109,109,109,109,109,109,109,109,109,109,109,108,109,109,109,109,109,109,109,109,109,109,109,109,109,109,109,109,109,108,108,108,108,108,108,109,109,108,108,108,108,109,109,109,109,109,109,109,109,109,109,109,109,109,109,109,109,109,109,109,109,109,109,109,109,109,109,109,109,109,109,109,109,109,109,109,109,109,109,109,109,109,109,108,109,109,109,109,109,109,109,109,109,109,109,109,109,109,109,109,109,109,109,109,109,109]},"Elbow":{"Cmd":null,"Est":null,"Ref":null,"Sensor":null},"TrialNumber":2,"SamplingFrequency":100}