{"Shoulder":{"Cmd":[22.3848419,23.3252239,24.1602058,24.8901272,25.5177364,26.0476818,26.4860516,26.8399849,27.1173153,27.32628,27.475275,27.5726414,27.6265125,27.6446781,27.6344948,27.6028233,27.5559826,27.499733,27.43928,27.3792744,27.3238449,27.2766266,27.240778,27.2190189,27.2136555,27.2265968,27.2593861,27.3132019,27.38887,27.48686,27.607275,27.7498436,27.9139786,28.0988331,28.3033581,28.5263481,28.7664852,29.0223713,29.2925739,29.5756512,29.8701782,30.1747932,30.4882164,30.8092918,31.13697,31.4702663,31.808197,32.14975,32.493824,32.8392258,33.1846123,33.528492,33.8692055,34.20493,34.5336761,34.853302,35.1615448,35.45603,35.73433,35.994,36.23262,36.4478645,36.63748,36.79928,36.93114,37.031,37.09685,37.12677,37.1189079,37.0715141,36.9829559,36.851738,36.6765366,36.4562149,36.1898766,35.8768959,35.516983,35.1102142,34.6571236,34.15877,33.6168365,33.03367,32.41223,31.75601,31.0689,30.355154,29.6193066,28.8661137,28.1005173,27.3275871,26.552494,25.7804737,25.0167961,24.2667313,23.5355129,22.8283043,22.1501484,21.5059128,20.9002285,20.3374062,19.8213348,19.355463,18.9430714,18.5876369,18.2931843,18.06462,17.90795,17.8299789,17.83785,17.9385548,18.13837,18.4422512,18.8531437,19.3712139,19.99299,20.7104187,21.5103455,22.3760471,23.2892742,24.2323284,25.19018,26.151989,27.1100655,28.0581646,28.9897652,29.89633,30.7662163,31.5862083,32.3437843,33.0294724,33.63929,34.1763763,34.64907,35.0680847,35.443615,35.78244,36.08576,36.35026,36.570034,36.738533,36.8505859,36.9040451,36.899704,36.8408,36.7325439,36.581646,36.3958549,36.1835365,35.9532127,35.7131271,35.47083,35.2328033,35.0044975,34.7903862,34.59409,34.4184341,34.26553,34.1368561,34.0332832,33.955143,33.9022446,33.87389,33.8688774,33.885498,33.9214973,33.9740524,34.03974,34.11446,34.1933975,34.2709579,34.3407059,34.3953133,34.426548,34.4252434,34.38131,34.2837753,34.1208344,33.87994,33.5479279,33.1112175,32.5560226,31.8686714,31.0359821,30.0457134,28.887146,27.5517273,26.033886,24.3319378,22.4491577,20.3950043,18.1864815,15.8496647,13.4213467,10.9507942,8.501539,6.153139,4.00278044,2.16658688,0.780424535,-4.55799477E-37,0],"Est":[0,0,0,0,0,0,0,0,0,0,0,0,0,0,0,0,0,0,0,0,0,0,0,0,0,0,0,0,0,0,0,0,0,0,0,0,0,0,0,0,0,0,0,0,0,0,0,0,0,0,0,0,0,0,0,0,0,0,0,0,0,0,0,0,0,0,0,0,0,0,0,0,0,0,0,0,0,0,0,0,0,0,0,0,0,0,0,0,0,0,0,0,0,0,0,0,0,0,0,0,0,0,0,0,0,0,0,0,0,0,0,0,0,0,0,0,0,0,0,0,0,0,0,0,0,0,0,0,0,0,0,0,0,0,0,0,0,0,0,0,0,0,0,0,0,0,0,0,0,0,0,0,0,0,0,0,0,0,0,0,0,0,0,0,0,0,0,0,0,0,0,0,0,0,0,0,0,0,0,0,0,0,0,0,0,0,0,0,0,0,0,0,0,0,0,0,0,0,0,0,0],"Ref":[54.4309921,54.4411926,54.44926,54.455616,54.4606972,54.4649239,54.4687271,54.472538,54.4767838,54.4818878,54.4882851,54.4964027,54.5066643,54.5195045,54.535347,54.55462,54.577755,54.60518,54.63732,54.67461,54.71747,54.766304,54.8214073,54.8830452,54.9514732,55.0269661,55.109787,55.2001953,55.29846,55.4048424,55.51961,55.64337,55.77811,55.92616,56.0898476,56.2715,56.4734459,56.69802,56.9475479,57.22436,57.5307846,57.8691559,58.2417946,58.6509933,59.09805,59.5832634,60.1069031,60.6692276,61.270504,61.91099,62.5909576,63.3106651,64.07037,64.8703461,65.71085,66.59215,67.5145,68.47817,69.48342,70.53052,71.61973,72.751,73.92313,75.1345749,76.38381,77.66933,78.9895859,80.34306,81.72824,83.14359,84.5875854,86.0587,87.55541,89.0762,90.61954,92.18389,93.76774,95.36956,96.98783,98.6210251,100.267616,101.92527,103.588417,105.250687,106.9057,108.547089,110.168465,111.763458,113.3257,114.8488,116.326393,117.752106,119.119553,120.422363,121.65416,122.808571,123.879211,124.859718,125.743706,126.5248,127.196632,127.754593,128.201187,128.54068,128.777359,128.9155,128.956741,128.8922,128.710358,128.3997,127.948723,127.3459,126.579727,125.638687,124.511253,123.185928,121.662415,119.985359,118.210617,116.394058,114.59156,112.844994,111.140305,109.449463,107.744438,105.997192,104.193741,102.3763,100.601151,98.92457,97.4028244,96.07289,94.894516,93.80815,92.75424,91.67325,90.52294,89.33041,88.14007,86.99635,85.94367,85.01703,84.21381,83.52198,82.9295,82.42433,81.99445,81.6278152,81.31239,81.03615,80.78705,80.55496,80.33738,80.13369,79.9433,79.76558,79.59993,79.445755,79.3024445,79.16938,79.04596,78.93158,78.82563,78.72751,78.6366043,78.55231,78.4740143,78.40112,78.3330154,78.26909,78.20874,78.15145,78.097084,78.04559,77.99694,77.95107,77.90794,77.8675156,77.8297348,77.79457,77.76196,77.73187,77.7042542,77.67906,77.65625,77.63578,77.6176,77.60167,77.58794,77.57636,77.5668945,77.5595,77.55412,77.55073,77.5492554,77.549675,77.55193,77.55599,77.5618,77.56931,77.57848],"Sensor":[133,133,133,132,132,132,131,131,131,131,131,130,130,130,130,130,130,129,129,129,129,128,128,128,128,128,129,128,128,128,128,128,128,128,127,127,127,127,127,127,127,127,127,127,127,127,127,127,127,127,127,127,127,127,127,127,127,127,127,127,127,127,127,127,127,127,127,127,127,127,127,127,127,127,127,127,127,127,127,127,127,127,127,127,126,127,127,126,126,126,126,126,126,127,126,126,126,126,126,126,126,126,127,127,127,127,127,127,127,127,127,127,127,127,127,127,127,127,127,127,127,127,127,127,127,127,127,127,127,127,127,127,127,127,127,127,127,126,126,126,127,127,127,127,127,127,127,127,127,127,127,127,127,127,127,127,127,127,127,127,127,127,127,127,127,127,127,127,127,127,127,127,127,127,127,127,127,127,127,127,127,127,127,127,127,127,127,126,126,126,126,126,126,126,126,126,126,126,126,126,126]},"Elbow":{"Cmd":null,"Est":null,"Ref":null,"Sensor":null},"TrialNumber":1,"SamplingFrequency":100}